{
	"pattrstorage" : 	{
		"name" : "u589002636",
		"slots" : 		{
			"1" : 			{
				"id" : 1,
				"data" : 				{
					"ampenvelope" : [ 1000.0, 0.0, 1.0, 0.0, 0.0, 0, 26.595744680851062, 1.0, 0, 212.7659574468085, 0.453333333333333, 0, 670.212765957446777, 0.0, 0, "linear" ],
					"fmenvelope" : [ 1000.0, 0.0, 1.0, 0.0, 0.0, 0, 0.0, 0.44, 0, 85.106382978723403, 0.173333333333333, 0, 340.425531914893611, 0.0, 0, "linear" ],
					"ratio" : [ 1.0 ]
				}

			}
,
			"2" : 			{
				"id" : 2,
				"data" : 				{
					"ampenvelope" : [ 1000.0, 0.0, 1.0, 0.0, 0.0, 0, 457.446808510638277, 1.0, 0, 611.702127659574444, 0.48, 0, 670.212765957446777, 0.0, 0, "linear" ],
					"fmenvelope" : [ 1000.0, 0.0, 1.0, 0.0, 0.0, 0, 143.61702127659575, 0.2, 0, 303.191489361702111, 0.386666666666667, 0, 441.489361702127667, 0.0, 0, "linear" ],
					"ratio" : [ 1.0 ]
				}

			}
,
			"3" : 			{
				"id" : 3,
				"data" : 				{
					"ampenvelope" : [ 1000.0, 0.0, 1.0, 0.0, 0.0, 0, 159.574468085106389, 0.693333333333333, 0, 611.702127659574444, 0.48, 0, 670.212765957446777, 0.0, 0, "linear" ],
					"fmenvelope" : [ 1000.0, 0.0, 1.0, 0.0, 0.0, 0, 58.51063829787234, 0.88, 0, 218.085106382978722, 0.226666666666667, 0, 441.489361702127667, 0.0, 0, "linear" ],
					"ratio" : [ 1.3 ]
				}

			}
,
			"4" : 			{
				"id" : 4,
				"data" : 				{
					"ampenvelope" : [ 1000.0, 0.0, 1.0, 0.0, 0.0, 0, 164.893617021276583, 0.306666666666667, 0, 297.872340425531888, 1.0, 0, 670.212765957446777, 0.0, 0, "linear" ],
					"fmenvelope" : [ 1000.0, 0.0, 1.0, 0.0, 0.0, 0, 319.148936170212778, 1.0, 0, 319.148936170212778, 0.36, 0, 441.489361702127667, 0.0, 0, "linear" ],
					"ratio" : [ 0.5 ]
				}

			}

		}

	}

}
